timestamp,symbol,action,spread_type,short_strike,long_strike,expiration,contracts,max_loss_dollars,confidence,risk_check_passed,risk_notes,order_placed,order_id,rationale
2026-08-30T07:52:08.507674+00:00,SPY,credit_spread,bear_call,773.0,774.0,2026-09-25,20.0,1220.0,0.75,True,,False,DRY_RUN,"The IV/RV spread is positive, indicating rich implied volatility. A bear call spread can benefit from a decrease in the stock price or a decline in volatility. This spread is sized to stay within the 2% risk limit."
2026-08-30T07:54:51.288794+00:00,SPY,credit_spread,bear_call,773.0,775.0,2026-09-25,17.0,1938.0,0.7,True,,False,DRY_RUN,"The IV/RV spread is rich, indicating overpriced options. A bear call spread can profit if SPY does not significantly increase in value before expiration."
2026-08-30T07:55:03.015330+00:00,QQQ,credit_spread,bear_call,719.0,720.0,2026-09-25,20.0,900.0,0.7,True,,False,DRY_RUN,"The IV/RV spread is positive, indicating rich implied volatility. A bear call spread can capture this mispricing by selling a higher strike call and buying a lower strike call, profiting from a decrease in the difference between the strikes."
2026-08-30T07:55:13.094845+00:00,AAPL,no_trade,bear_call,320.0,315.0,2026-09-25,,,0.75,False,,False,,"The IV/RV spread is rich, indicating overpriced options. A bear call spread can profit from a slight decrease in the stock price or a decline in implied volatility. With a wide strike spread and a reasonable number of contracts, the maximum loss is capped at $2,000, fitting within the risk tolerance."
2026-08-30T07:55:26.036688+00:00,TSLA,credit_spread,bear_call,350.0,355.0,2026-09-25,5.0,1710.0,0.75,True,,False,DRY_RUN,"The IV/RV spread is positive, indicating rich implied volatility. A bear call spread can capitalize on this by limiting risk while benefiting from a potential decline in volatility or a slight price decrease."
2026-08-30T07:55:32.301642+00:00,NVDA,credit_spread,bear_call,225.0,230.0,2026-10-02,5.0,1755.0,0.7,True,,False,DRY_RUN,"NVDA is trading slightly below the spot estimate of 220.00, and the IV is lower than the realized volatility, indicating an overvalued option chain. A bear call spread can capitalize on this by limiting risk while betting on NVDA not to rise significantly."
2026-08-30T07:55:38.869887+00:00,IWM,credit_spread,bear_call,297.0,298.0,2026-09-25,20.0,1280.0,0.75,True,,False,DRY_RUN,"The IV/RV spread is rich, indicating overpricing. A bear call spread is suitable to profit from expected volatility decay and a potential decline in the stock price. The max loss is capped at $1,800, well within the risk tolerance."
2026-08-30T07:58:03.358469+00:00,SPY,credit_spread,bear_call,773.0,774.0,2026-09-25,20.0,1220.0,0.7,True,,False,DRY_RUN,"The IV/RV spread indicates overpricing in calls, making a bear call spread a suitable strategy. The selected strikes offer a balanced risk-reward profile, with a maximum loss of $1,960, well within the risk cap."
2026-08-30T07:58:09.330302+00:00,QQQ,credit_spread,bull_put,719.0,718.0,2026-09-25,20.0,1040.0,0.7,True,,False,DRY_RUN,"The IV/RV spread is positive, indicating overpricing. A bull put spread with a 1-point width is suitable to capitalize on this mispricing while limiting risk to $1,960."
2026-08-30T07:58:17.958232+00:00,AAPL,credit_spread,bear_call,320.0,325.0,2026-09-25,6.0,1806.0,0.75,True,,False,DRY_RUN,"The IV/RV spread is positive, indicating overpricing. A bear call spread is suitable to profit from a modest decline in the stock price without significant downside risk."
2026-08-30T07:58:23.767086+00:00,TSLA,credit_spread,bear_call,350.0,355.0,2026-09-25,5.0,1710.0,0.7,True,,False,DRY_RUN,"The IV/RV spread indicates overpricing in calls, making a bear call spread attractive. The spread width and contract count are sized to keep the max loss within the risk cap."
2026-08-30T07:58:32.933968+00:00,NVDA,no_trade,bull_call,220.0,225.0,2026-09-25,,,0.7,False,,False,,"NVDA is currently trading near the 220 strike, and the IV/RV spread is negative, indicating overpricing. A bull call spread with a wider strike range is a suitable strategy to capitalize on potential price stability or mild upward movement."
2026-08-30T07:58:39.444026+00:00,IWM,credit_spread,bear_call,297.0,298.0,2026-09-25,31.0,1984.0,0.7,True,,False,DRY_RUN,"The IV/RV spread indicates implied volatility is lower than realized volatility, suggesting a potential for a volatility compression. A bear call spread can benefit from this scenario as it limits risk while having the potential to profit if the stock price remains below the short strike."
